﻿<?xml version="1.0" encoding="utf-8"?>
<!--DO NOT EDIT. This document is generated by PSoC Creator design builds.-->
<PSoCCreatorIdeExport Version="1">
  <Device Part="CY8C4245AXI-483" Processor="CortexM0" DeviceID="4C81193" />
  <Toolchains>
    <Toolchain Name="ARM GCC Generic" Selected="True">
      <Tool Name="prebuild" Command="" Options="" />
      <Tool Name="assembler" Command="arm-none-eabi-as.exe" Options="-mcpu=cortex-m0 -mthumb -I. -IGenerated_Source\PSoC4 -alh=${OutputDir}/${CompileFile}.lst -g -W" />
      <Tool Name="compiler" Command="arm-none-eabi-gcc.exe" Options="-mcpu=cortex-m0 -mthumb -I. -IGenerated_Source\PSoC4 -Wa,-alh=${OutputDir}/${CompileFile}.lst -g -D DEBUG -Wall -ffunction-sections -Og -ffat-lto-objects" />
      <Tool Name="linker" Command="arm-none-eabi-gcc.exe" Options="-mcpu=cortex-m0 -mthumb -g -ffunction-sections -Og -ffat-lto-objects -L Generated_Source\PSoC4 -Wl,-Map,${OutputDir}/${ProjectShortName}.map -T C:\Users\Studie-PC\Documents\GitHub\ITAMS\LAB\TFT_LCD_DRIVER\PSoC_Project\SpaceInvaders\SpaceInvaders.cydsn\Generated_Source\PSoC4\cm0gcc.ld -specs=nano.specs -Wl,--gc-sections" />
      <Tool Name="postbuild" Command="" Options="" />
    </Toolchain>
    <Toolchain Name="ARM MDK Generic" Selected="False">
      <Tool Name="prebuild" Command="" Options="" />
      <Tool Name="assembler" Command="armasm.exe" Options="--cpu=Cortex-M0 --diag_style=gnu --thumb -i. -iGenerated_Source\PSoC4 -g --list=${OutputDir}/${CompileFile}.lst" />
      <Tool Name="compiler" Command="armcc.exe" Options="--cpu=Cortex-M0 --diag_style=gnu -I. -IGenerated_Source\PSoC4 --list --signed_chars -g -D DEBUG -O0 --split_sections" />
      <Tool Name="linker" Command="armlink.exe" Options="--cpu=Cortex-M0 --diag_style=gnu --no_startup --library_type=microlib --map --list ${OutputDir}/${ProjectShortName}.map --scatter C:\Users\Studie-PC\Documents\GitHub\ITAMS\LAB\TFT_LCD_DRIVER\PSoC_Project\SpaceInvaders\SpaceInvaders.cydsn\Generated_Source\PSoC4\Cm0RealView.scat" />
      <Tool Name="postbuild" Command="" Options="" />
    </Toolchain>
    <Toolchain Name="ARM IAR Generic" Selected="False">
      <Tool Name="prebuild" Command="" Options="" />
      <Tool Name="assembler" Command="iasmarm.exe" Options="--cpu Cortex-M0 -I. -IGenerated_Source\PSoC4 -s+ -M&lt;&gt; -w+ -r -DDEBUG --fpu None" />
      <Tool Name="compiler" Command="iccarm.exe" Options="--cpu Cortex-M0 -I. -IGenerated_Source\PSoC4 -D DEBUG --no_cse --no_unroll --no_inline --no_code_motion --no_tbaa --no_clustering --no_scheduling --debug --endian=little -e --fpu=None -On --no_wrap_diagnostics" />
      <Tool Name="linker" Command="ilinkarm.exe" Options="--semihosting --entry __iar_program_start --config Generated_Source\PSoC4\Cm0Iar.icf" />
      <Tool Name="postbuild" Command="" Options="" />
    </Toolchain>
  </Toolchains>
  <Project Name="SpaceInvaders" Path="C:\Users\Studie-PC\Documents\GitHub\ITAMS\LAB\TFT_LCD_DRIVER\PSoC_Project\SpaceInvaders\SpaceInvaders.cydsn" Version="5.50" Type="Normal">
    <CMSIS_SVD_File>SpaceInvaders.svd</CMSIS_SVD_File>
    <Datasheet />
    <LinkerFiles>
      <LinkerFile Toolchain="ARM GCC Generic">.\Generated_Source\PSoC4\cm0gcc.ld</LinkerFile>
      <LinkerFile Toolchain="ARM MDK Generic">.\Generated_Source\PSoC4\Cm0RealView.scat</LinkerFile>
      <LinkerFile Toolchain="ARM IAR Generic">.\Generated_Source\PSoC4\Cm0Iar.icf</LinkerFile>
    </LinkerFiles>
    <Folders>
      <Folder BuildType="STRICT" Path="C:\Users\Studie-PC\Documents\GitHub\ITAMS\LAB\TFT_LCD_DRIVER\PSoC_Project\SpaceInvaders\SpaceInvaders.cydsn">
        <Files Root="C:\Users\Studie-PC\Documents\GitHub\ITAMS\LAB\TFT_LCD_DRIVER\PSoC_Project\SpaceInvaders\SpaceInvaders.cydsn">
          <File BuildType="BUILD" Toolchain="">main.c</File>
          <File BuildType="BUILD" Toolchain="">TFT_LCD.c</File>
          <File BuildType="BUILD" Toolchain="">GFX.c</File>
          <File BuildType="BUILD" Toolchain="">gameEngine.c</File>
          <File BuildType="BUILD" Toolchain="">SpaceInvader.c</File>
          <File BuildType="BUILD" Toolchain="">touch.c</File>
          <File BuildType="BUILD" Toolchain="">GameSubjectFactory.c</File>
          <File BuildType="BUILD" Toolchain="">GameSubject.c</File>
          <File BuildType="BUILD" Toolchain="">GFXNumber.c</File>
          <File BuildType="BUILD" Toolchain="">StartScreen.c</File>
          <File BuildType="BUILD" Toolchain="">cyapicallbacks.h</File>
          <File BuildType="BUILD" Toolchain="">TFT_LCD.h</File>
          <File BuildType="BUILD" Toolchain="">TFT_LCD_cmd.h</File>
          <File BuildType="BUILD" Toolchain="">TFT_LCD_delay.h</File>
          <File BuildType="BUILD" Toolchain="">GFX.h</File>
          <File BuildType="BUILD" Toolchain="">gameEngine.h</File>
          <File BuildType="BUILD" Toolchain="">SpaceInvader.h</File>
          <File BuildType="BUILD" Toolchain="">touch.h</File>
          <File BuildType="BUILD" Toolchain="">GameSubjectFactory.h</File>
          <File BuildType="BUILD" Toolchain="">GameSubject.h</File>
          <File BuildType="BUILD" Toolchain="">GFXNumber.h</File>
          <File BuildType="BUILD" Toolchain="">StartScreen.h</File>
        </Files>
      </Folder>
      <Folder BuildType="STRICT" Path="C:\Users\Studie-PC\Documents\GitHub\ITAMS\LAB\TFT_LCD_DRIVER\PSoC_Project\SpaceInvaders\SpaceInvaders.cydsn\graph">
        <Files Root="C:\Users\Studie-PC\Documents\GitHub\ITAMS\LAB\TFT_LCD_DRIVER\PSoC_Project\SpaceInvaders\SpaceInvaders.cydsn">
          <File BuildType="BUILD" Toolchain="">graph\graph_num_fonts.h</File>
          <File BuildType="BUILD" Toolchain="">graph\graph_objects.h</File>
          <File BuildType="BUILD" Toolchain="">graph\graph_startScreen.h</File>
        </Files>
      </Folder>
      <Folder BuildType="STRICT" Path="C:\Users\Studie-PC\Documents\GitHub\ITAMS\LAB\TFT_LCD_DRIVER\PSoC_Project\SpaceInvaders\SpaceInvaders.cydsn\Generated_Source\PSoC4">
        <Files Root="C:\Users\Studie-PC\Documents\GitHub\ITAMS\LAB\TFT_LCD_DRIVER\PSoC_Project\SpaceInvaders\SpaceInvaders.cydsn">
          <File BuildType="BUILD" Toolchain="">Generated_Source\PSoC4\cyfitter_cfg.h</File>
          <File BuildType="BUILD" Toolchain="">Generated_Source\PSoC4\cyfitter_cfg.c</File>
          <File BuildType="BUILD" Toolchain="">Generated_Source\PSoC4\cymetadata.c</File>
          <File BuildType="BUILD" Toolchain="">Generated_Source\PSoC4\cydevice_trm.h</File>
          <File BuildType="BUILD" Toolchain="">Generated_Source\PSoC4\cydevicegnu_trm.inc</File>
          <File BuildType="BUILD" Toolchain="">Generated_Source\PSoC4\cydevicerv_trm.inc</File>
          <File BuildType="BUILD" Toolchain="">Generated_Source\PSoC4\cydeviceiar_trm.inc</File>
          <File BuildType="BUILD" Toolchain="">Generated_Source\PSoC4\cyfittergnu.inc</File>
          <File BuildType="BUILD" Toolchain="">Generated_Source\PSoC4\cyfitterrv.inc</File>
          <File BuildType="BUILD" Toolchain="">Generated_Source\PSoC4\cyfitteriar.inc</File>
          <File BuildType="BUILD" Toolchain="">Generated_Source\PSoC4\cyfitter.h</File>
          <File BuildType="BUILD" Toolchain="">Generated_Source\PSoC4\cydisabledsheets.h</File>
          <File BuildType="BUILD" Toolchain="">Generated_Source\PSoC4\DDR_DATA.h</File>
          <File BuildType="BUILD" Toolchain="">Generated_Source\PSoC4\DDR_DATA.c</File>
          <File BuildType="BUILD" Toolchain="">Generated_Source\PSoC4\DDR_DATA_PM.c</File>
          <File BuildType="BUILD" Toolchain="">Generated_Source\PSoC4\LCD_RST.c</File>
          <File BuildType="BUILD" Toolchain="">Generated_Source\PSoC4\LCD_RST.h</File>
          <File BuildType="BUILD" Toolchain="">Generated_Source\PSoC4\LCD_RST_aliases.h</File>
          <File BuildType="BUILD" Toolchain="">Generated_Source\PSoC4\LCD_RST_PM.c</File>
          <File BuildType="BUILD" Toolchain="">Generated_Source\PSoC4\DATA_0.c</File>
          <File BuildType="BUILD" Toolchain="">Generated_Source\PSoC4\DATA_0.h</File>
          <File BuildType="BUILD" Toolchain="">Generated_Source\PSoC4\DATA_0_aliases.h</File>
          <File BuildType="BUILD" Toolchain="">Generated_Source\PSoC4\DATA_0_PM.c</File>
          <File BuildType="BUILD" Toolchain="">Generated_Source\PSoC4\LCD_CS.c</File>
          <File BuildType="BUILD" Toolchain="">Generated_Source\PSoC4\LCD_CS.h</File>
          <File BuildType="BUILD" Toolchain="">Generated_Source\PSoC4\LCD_CS_aliases.h</File>
          <File BuildType="BUILD" Toolchain="">Generated_Source\PSoC4\LCD_CS_PM.c</File>
          <File BuildType="BUILD" Toolchain="">Generated_Source\PSoC4\LCD_RD.c</File>
          <File BuildType="BUILD" Toolchain="">Generated_Source\PSoC4\LCD_RD.h</File>
          <File BuildType="BUILD" Toolchain="">Generated_Source\PSoC4\LCD_RD_aliases.h</File>
          <File BuildType="BUILD" Toolchain="">Generated_Source\PSoC4\LCD_RD_PM.c</File>
          <File BuildType="BUILD" Toolchain="">Generated_Source\PSoC4\LCD_p_WR.c</File>
          <File BuildType="BUILD" Toolchain="">Generated_Source\PSoC4\LCD_p_WR.h</File>
          <File BuildType="BUILD" Toolchain="">Generated_Source\PSoC4\LCD_p_WR_aliases.h</File>
          <File BuildType="BUILD" Toolchain="">Generated_Source\PSoC4\LCD_p_WR_PM.c</File>
          <File BuildType="BUILD" Toolchain="">Generated_Source\PSoC4\LCD_RS.c</File>
          <File BuildType="BUILD" Toolchain="">Generated_Source\PSoC4\LCD_RS.h</File>
          <File BuildType="BUILD" Toolchain="">Generated_Source\PSoC4\LCD_RS_aliases.h</File>
          <File BuildType="BUILD" Toolchain="">Generated_Source\PSoC4\LCD_RS_PM.c</File>
          <File BuildType="BUILD" Toolchain="">Generated_Source\PSoC4\LCD_WR_AND_WR_RS_OE.h</File>
          <File BuildType="BUILD" Toolchain="">Generated_Source\PSoC4\LCD_WR_AND_WR_RS_OE.c</File>
          <File BuildType="BUILD" Toolchain="">Generated_Source\PSoC4\LCD_WR_AND_WR_RS_OE_PM.c</File>
          <File BuildType="BUILD" Toolchain="">Generated_Source\PSoC4\PORT_DATA.h</File>
          <File BuildType="BUILD" Toolchain="">Generated_Source\PSoC4\PORT_DATA.c</File>
          <File BuildType="BUILD" Toolchain="">Generated_Source\PSoC4\PORT_DATA_PM.c</File>
          <File BuildType="BUILD" Toolchain="">Generated_Source\PSoC4\DATA_1.c</File>
          <File BuildType="BUILD" Toolchain="">Generated_Source\PSoC4\DATA_1.h</File>
          <File BuildType="BUILD" Toolchain="">Generated_Source\PSoC4\DATA_1_aliases.h</File>
          <File BuildType="BUILD" Toolchain="">Generated_Source\PSoC4\DATA_1_PM.c</File>
          <File BuildType="BUILD" Toolchain="">Generated_Source\PSoC4\DATA_2.c</File>
          <File BuildType="BUILD" Toolchain="">Generated_Source\PSoC4\DATA_2.h</File>
          <File BuildType="BUILD" Toolchain="">Generated_Source\PSoC4\DATA_2_aliases.h</File>
          <File BuildType="BUILD" Toolchain="">Generated_Source\PSoC4\DATA_2_PM.c</File>
          <File BuildType="BUILD" Toolchain="">Generated_Source\PSoC4\DATA_3.c</File>
          <File BuildType="BUILD" Toolchain="">Generated_Source\PSoC4\DATA_3.h</File>
          <File BuildType="BUILD" Toolchain="">Generated_Source\PSoC4\DATA_3_aliases.h</File>
          <File BuildType="BUILD" Toolchain="">Generated_Source\PSoC4\DATA_3_PM.c</File>
          <File BuildType="BUILD" Toolchain="">Generated_Source\PSoC4\DATA_4.c</File>
          <File BuildType="BUILD" Toolchain="">Generated_Source\PSoC4\DATA_4.h</File>
          <File BuildType="BUILD" Toolchain="">Generated_Source\PSoC4\DATA_4_aliases.h</File>
          <File BuildType="BUILD" Toolchain="">Generated_Source\PSoC4\DATA_4_PM.c</File>
          <File BuildType="BUILD" Toolchain="">Generated_Source\PSoC4\DATA_5.c</File>
          <File BuildType="BUILD" Toolchain="">Generated_Source\PSoC4\DATA_5.h</File>
          <File BuildType="BUILD" Toolchain="">Generated_Source\PSoC4\DATA_5_aliases.h</File>
          <File BuildType="BUILD" Toolchain="">Generated_Source\PSoC4\DATA_5_PM.c</File>
          <File BuildType="BUILD" Toolchain="">Generated_Source\PSoC4\DATA_6.c</File>
          <File BuildType="BUILD" Toolchain="">Generated_Source\PSoC4\DATA_6.h</File>
          <File BuildType="BUILD" Toolchain="">Generated_Source\PSoC4\DATA_6_aliases.h</File>
          <File BuildType="BUILD" Toolchain="">Generated_Source\PSoC4\DATA_6_PM.c</File>
          <File BuildType="BUILD" Toolchain="">Generated_Source\PSoC4\DATA_7.c</File>
          <File BuildType="BUILD" Toolchain="">Generated_Source\PSoC4\DATA_7.h</File>
          <File BuildType="BUILD" Toolchain="">Generated_Source\PSoC4\DATA_7_aliases.h</File>
          <File BuildType="BUILD" Toolchain="">Generated_Source\PSoC4\DATA_7_PM.c</File>
          <File BuildType="BUILD" Toolchain="">Generated_Source\PSoC4\PIN_DATA.c</File>
          <File BuildType="BUILD" Toolchain="">Generated_Source\PSoC4\PIN_DATA.h</File>
          <File BuildType="BUILD" Toolchain="">Generated_Source\PSoC4\ADC_TOUCH.c</File>
          <File BuildType="BUILD" Toolchain="">Generated_Source\PSoC4\ADC_TOUCH.h</File>
          <File BuildType="BUILD" Toolchain="">Generated_Source\PSoC4\ADC_TOUCH_PM.c</File>
          <File BuildType="BUILD" Toolchain="">Generated_Source\PSoC4\ADC_TOUCH_INT.c</File>
          <File BuildType="BUILD" Toolchain="">Generated_Source\PSoC4\LCD_WR_Analog.c</File>
          <File BuildType="BUILD" Toolchain="">Generated_Source\PSoC4\LCD_WR_Analog.h</File>
          <File BuildType="BUILD" Toolchain="">Generated_Source\PSoC4\LCD_WR_Analog_aliases.h</File>
          <File BuildType="BUILD" Toolchain="">Generated_Source\PSoC4\LCD_WR_Analog_PM.c</File>
          <File BuildType="BUILD" Toolchain="">Generated_Source\PSoC4\timer_clock.c</File>
          <File BuildType="BUILD" Toolchain="">Generated_Source\PSoC4\timer_clock.h</File>
          <File BuildType="BUILD" Toolchain="">Generated_Source\PSoC4\Timer_1.c</File>
          <File BuildType="BUILD" Toolchain="">Generated_Source\PSoC4\Timer_1.h</File>
          <File BuildType="BUILD" Toolchain="">Generated_Source\PSoC4\Timer_1_PM.c</File>
          <File BuildType="BUILD" Toolchain="">Generated_Source\PSoC4\TickControl.c</File>
          <File BuildType="BUILD" Toolchain="">Generated_Source\PSoC4\TickControl.h</File>
          <File BuildType="BUILD" Toolchain="">Generated_Source\PSoC4\EEPROM_1.c</File>
          <File BuildType="BUILD" Toolchain="">Generated_Source\PSoC4\EEPROM_1.h</File>
          <File BuildType="BUILD" Toolchain="">Generated_Source\PSoC4\ADC_TOUCH_IRQ.c</File>
          <File BuildType="BUILD" Toolchain="">Generated_Source\PSoC4\ADC_TOUCH_IRQ.h</File>
          <File BuildType="BUILD" Toolchain="">Generated_Source\PSoC4\ADC_TOUCH_intClock.c</File>
          <File BuildType="BUILD" Toolchain="">Generated_Source\PSoC4\ADC_TOUCH_intClock.h</File>
          <File BuildType="BUILD" Toolchain="ARM GCC Generic">Generated_Source\PSoC4\cm0gcc.ld</File>
          <File BuildType="BUILD" Toolchain="ARM MDK Generic">Generated_Source\PSoC4\Cm0RealView.scat</File>
          <File BuildType="BUILD" Toolchain="">Generated_Source\PSoC4\Cm0Start.c</File>
          <File BuildType="BUILD" Toolchain="">Generated_Source\PSoC4\core_cm0.h</File>
          <File BuildType="BUILD" Toolchain="">Generated_Source\PSoC4\core_cm0_psoc4.h</File>
          <File BuildType="BUILD" Toolchain="ARM GCC Generic">Generated_Source\PSoC4\CyBootAsmGnu.s</File>
          <File BuildType="BUILD" Toolchain="ARM MDK Generic">Generated_Source\PSoC4\CyBootAsmRv.s</File>
          <File BuildType="BUILD" Toolchain="">Generated_Source\PSoC4\CyFlash.c</File>
          <File BuildType="BUILD" Toolchain="">Generated_Source\PSoC4\CyFlash.h</File>
          <File BuildType="BUILD" Toolchain="">Generated_Source\PSoC4\CyLib.c</File>
          <File BuildType="BUILD" Toolchain="">Generated_Source\PSoC4\CyLib.h</File>
          <File BuildType="BUILD" Toolchain="">Generated_Source\PSoC4\cyPm.c</File>
          <File BuildType="BUILD" Toolchain="">Generated_Source\PSoC4\cyPm.h</File>
          <File BuildType="BUILD" Toolchain="">Generated_Source\PSoC4\cytypes.h</File>
          <File BuildType="BUILD" Toolchain="">Generated_Source\PSoC4\cyutils.c</File>
          <File BuildType="BUILD" Toolchain="">Generated_Source\PSoC4\cypins.h</File>
          <File BuildType="BUILD" Toolchain="">Generated_Source\PSoC4\core_cmFunc.h</File>
          <File BuildType="BUILD" Toolchain="">Generated_Source\PSoC4\core_cmInstr.h</File>
          <File BuildType="BUILD" Toolchain="ARM IAR Generic">Generated_Source\PSoC4\Cm0Iar.icf</File>
          <File BuildType="BUILD" Toolchain="ARM IAR Generic">Generated_Source\PSoC4\CyBootAsmIar.s</File>
          <File BuildType="BUILD" Toolchain="">Generated_Source\PSoC4\cmsis_armcc.h</File>
          <File BuildType="BUILD" Toolchain="">Generated_Source\PSoC4\cmsis_gcc.h</File>
          <File BuildType="BUILD" Toolchain="">Generated_Source\PSoC4\CyLFClk.c</File>
          <File BuildType="BUILD" Toolchain="">Generated_Source\PSoC4\CyLFClk.h</File>
          <File BuildType="BUILD" Toolchain="">Generated_Source\PSoC4\project.h</File>
          <File BuildType="BUILD" Toolchain="">Generated_Source\PSoC4\cycodeshareimport.ld</File>
          <File BuildType="BUILD" Toolchain="">Generated_Source\PSoC4\cycodeshareexport.ld</File>
          <File BuildType="BUILD" Toolchain="">Generated_Source\PSoC4\cycodeshareimport.scat</File>
        </Files>
      </Folder>
      <Folder BuildType="STRICT" Path="C:\Users\Studie-PC\Documents\GitHub\ITAMS\LAB\TFT_LCD_DRIVER\PSoC_Project\SpaceInvaders\SpaceInvaders.cydsn\Export\ARM_GCC_Generic">
        <Files Root="C:\Users\Studie-PC\Documents\GitHub\ITAMS\LAB\TFT_LCD_DRIVER\PSoC_Project\SpaceInvaders\SpaceInvaders.cydsn">
          <File BuildType="BUILD" Toolchain="ARM GCC Generic">.\Export\ARM_GCC_Generic\CyComponentLibrary.a</File>
        </Files>
      </Folder>
      <Folder BuildType="STRICT" Path="C:\Users\Studie-PC\Documents\GitHub\ITAMS\LAB\TFT_LCD_DRIVER\PSoC_Project\SpaceInvaders\SpaceInvaders.cydsn\Export\ARM_MDK_Generic">
        <Files Root="C:\Users\Studie-PC\Documents\GitHub\ITAMS\LAB\TFT_LCD_DRIVER\PSoC_Project\SpaceInvaders\SpaceInvaders.cydsn">
          <File BuildType="BUILD" Toolchain="ARM MDK Generic">.\Export\ARM_MDK_Generic\CyComponentLibrary.a</File>
        </Files>
      </Folder>
      <Folder BuildType="STRICT" Path="C:\Users\Studie-PC\Documents\GitHub\ITAMS\LAB\TFT_LCD_DRIVER\PSoC_Project\SpaceInvaders\SpaceInvaders.cydsn\Export\ARM_IAR_Generic">
        <Files Root="C:\Users\Studie-PC\Documents\GitHub\ITAMS\LAB\TFT_LCD_DRIVER\PSoC_Project\SpaceInvaders\SpaceInvaders.cydsn">
          <File BuildType="BUILD" Toolchain="ARM IAR Generic">.\Export\ARM_IAR_Generic\CyComponentLibrary.a</File>
        </Files>
      </Folder>
      <Folder BuildType="EXCLUDE" Path=".\codegentemp">
        <Files Root="C:\Users\Studie-PC\Documents\GitHub\ITAMS\LAB\TFT_LCD_DRIVER\PSoC_Project\SpaceInvaders\SpaceInvaders.cydsn" />
      </Folder>
      <Folder BuildType="EXCLUDE" Path=".\ARM_GCC_441">
        <Files Root="C:\Users\Studie-PC\Documents\GitHub\ITAMS\LAB\TFT_LCD_DRIVER\PSoC_Project\SpaceInvaders\SpaceInvaders.cydsn" />
      </Folder>
      <Folder BuildType="EXCLUDE" Path=".\ARM_GCC_473">
        <Files Root="C:\Users\Studie-PC\Documents\GitHub\ITAMS\LAB\TFT_LCD_DRIVER\PSoC_Project\SpaceInvaders\SpaceInvaders.cydsn" />
      </Folder>
      <Folder BuildType="EXCLUDE" Path=".\DP8051_Keil_952">
        <Files Root="C:\Users\Studie-PC\Documents\GitHub\ITAMS\LAB\TFT_LCD_DRIVER\PSoC_Project\SpaceInvaders\SpaceInvaders.cydsn" />
      </Folder>
      <Folder BuildType="EXCLUDE" Path=".\DP8051">
        <Files Root="C:\Users\Studie-PC\Documents\GitHub\ITAMS\LAB\TFT_LCD_DRIVER\PSoC_Project\SpaceInvaders\SpaceInvaders.cydsn" />
      </Folder>
      <Folder BuildType="EXCLUDE" Path=".\CortexM0">
        <Files Root="C:\Users\Studie-PC\Documents\GitHub\ITAMS\LAB\TFT_LCD_DRIVER\PSoC_Project\SpaceInvaders\SpaceInvaders.cydsn" />
      </Folder>
      <Folder BuildType="EXCLUDE" Path=".\CortexM0p">
        <Files Root="C:\Users\Studie-PC\Documents\GitHub\ITAMS\LAB\TFT_LCD_DRIVER\PSoC_Project\SpaceInvaders\SpaceInvaders.cydsn" />
      </Folder>
      <Folder BuildType="EXCLUDE" Path=".\CortexM3">
        <Files Root="C:\Users\Studie-PC\Documents\GitHub\ITAMS\LAB\TFT_LCD_DRIVER\PSoC_Project\SpaceInvaders\SpaceInvaders.cydsn" />
      </Folder>
      <Folder BuildType="EXCLUDE" Path=".\CortexM4">
        <Files Root="C:\Users\Studie-PC\Documents\GitHub\ITAMS\LAB\TFT_LCD_DRIVER\PSoC_Project\SpaceInvaders\SpaceInvaders.cydsn" />
      </Folder>
      <Folder BuildType="EXCLUDE" Path=".\CortexM7">
        <Files Root="C:\Users\Studie-PC\Documents\GitHub\ITAMS\LAB\TFT_LCD_DRIVER\PSoC_Project\SpaceInvaders\SpaceInvaders.cydsn" />
      </Folder>
      <Folder BuildType="EXCLUDE" Path=".\Generated_Source\PSoC3">
        <Files Root="C:\Users\Studie-PC\Documents\GitHub\ITAMS\LAB\TFT_LCD_DRIVER\PSoC_Project\SpaceInvaders\SpaceInvaders.cydsn" />
      </Folder>
      <Folder BuildType="EXCLUDE" Path=".\Generated_Source\PSoC5">
        <Files Root="C:\Users\Studie-PC\Documents\GitHub\ITAMS\LAB\TFT_LCD_DRIVER\PSoC_Project\SpaceInvaders\SpaceInvaders.cydsn" />
      </Folder>
    </Folders>
  </Project>
</PSoCCreatorIdeExport>